area_code,area_name,gender,year,population_estimate
S92000003,Scotland,All,1981,5180200
S92000003,Scotland,All,1982,5164540
S92000003,Scotland,All,1983,5148120
S92000003,Scotland,All,1984,5138880
S92000003,Scotland,All,1985,5127890
S92000003,Scotland,All,1986,5111760
S92000003,Scotland,All,1987,5099020
S92000003,Scotland,All,1988,5077440
S92000003,Scotland,All,1989,5078190
S92000003,Scotland,All,1990,5081270
S92000003,Scotland,All,1991,5083330
S92000003,Scotland,All,1992,5085620
S92000003,Scotland,All,1993,5092460
S92000003,Scotland,All,1994,5102210
S92000003,Scotland,All,1995,5103690
S92000003,Scotland,All,1996,5092190
S92000003,Scotland,All,1997,5083340
S92000003,Scotland,All,1998,5077070
S92000003,Scotland,All,1999,5071950
S92000003,Scotland,All,2000,5062940
S92000003,Scotland,All,2001,5064200
S92000003,Scotland,All,2002,5066000
S92000003,Scotland,All,2003,5068500
S92000003,Scotland,All,2004,5084300
S92000003,Scotland,All,2005,5110200
S92000003,Scotland,All,2006,5133000
S92000003,Scotland,All,2007,5170000
S92000003,Scotland,All,2008,5202900
S92000003,Scotland,All,2009,5231900
S92000003,Scotland,All,2010,5262200
S92000003,Scotland,All,2011,5299900
S92000003,Scotland,All,2012,5313600
S92000003,Scotland,All,2013,5327700
S92000003,Scotland,All,2014,5347600
S92000003,Scotland,All,2015,5373000
S92000003,Scotland,All,2016,5404700
S92000003,Scotland,All,2017,5424800
S92000003,Scotland,All,2018,5438100
S92000003,Scotland,All,2019,5463300
S08000015,Ayrshire and Arran,All,1981,377854
S08000015,Ayrshire and Arran,All,1982,376850
S08000015,Ayrshire and Arran,All,1983,376300
S08000015,Ayrshire and Arran,All,1984,376250
S08000015,Ayrshire and Arran,All,1985,375590
S08000015,Ayrshire and Arran,All,1986,375420
S08000015,Ayrshire and Arran,All,1987,375470
S08000015,Ayrshire and Arran,All,1988,374900
S08000015,Ayrshire and Arran,All,1989,375120
S08000015,Ayrshire and Arran,All,1990,375220
S08000015,Ayrshire and Arran,All,1991,375200
S08000015,Ayrshire and Arran,All,1992,374610
S08000015,Ayrshire and Arran,All,1993,374480
S08000015,Ayrshire and Arran,All,1994,374350
S08000015,Ayrshire and Arran,All,1995,374210
S08000015,Ayrshire and Arran,All,1996,373150
S08000015,Ayrshire and Arran,All,1997,372750
S08000015,Ayrshire and Arran,All,1998,371790
S08000015,Ayrshire and Arran,All,1999,370560
S08000015,Ayrshire and Arran,All,2000,368770
S08000015,Ayrshire and Arran,All,2001,368290
S08000015,Ayrshire and Arran,All,2002,367500
S08000015,Ayrshire and Arran,All,2003,367710
S08000015,Ayrshire and Arran,All,2004,368550
S08000015,Ayrshire and Arran,All,2005,369000
S08000015,Ayrshire and Arran,All,2006,369330
S08000015,Ayrshire and Arran,All,2007,370750
S08000015,Ayrshire and Arran,All,2008,372120
S08000015,Ayrshire and Arran,All,2009,372430
S08000015,Ayrshire and Arran,All,2010,372810
S08000015,Ayrshire and Arran,All,2011,373760
S08000015,Ayrshire and Arran,All,2012,373220
S08000015,Ayrshire and Arran,All,2013,372240
S08000015,Ayrshire and Arran,All,2014,371140
S08000015,Ayrshire and Arran,All,2015,370590
S08000015,Ayrshire and Arran,All,2016,370560
S08000015,Ayrshire and Arran,All,2017,370410
S08000015,Ayrshire and Arran,All,2018,369670
S08000015,Ayrshire and Arran,All,2019,369360
S08000016,Borders,All,1981,101256
S08000016,Borders,All,1982,101080
S08000016,Borders,All,1983,101050
S08000016,Borders,All,1984,101230
S08000016,Borders,All,1985,101610
S08000016,Borders,All,1986,101580
S08000016,Borders,All,1987,101860
S08000016,Borders,All,1988,102130
S08000016,Borders,All,1989,102600
S08000016,Borders,All,1990,103370
S08000016,Borders,All,1991,103830
S08000016,Borders,All,1992,104540
S08000016,Borders,All,1993,105040
S08000016,Borders,All,1994,105450
S08000016,Borders,All,1995,105940
S08000016,Borders,All,1996,105860
S08000016,Borders,All,1997,105960
S08000016,Borders,All,1998,106040
S08000016,Borders,All,1999,105810
S08000016,Borders,All,2000,106250
S08000016,Borders,All,2001,106950
S08000016,Borders,All,2002,107530
S08000016,Borders,All,2003,108390
S08000016,Borders,All,2004,109450
S08000016,Borders,All,2005,110250
S08000016,Borders,All,2006,110860
S08000016,Borders,All,2007,112200
S08000016,Borders,All,2008,113360
S08000016,Borders,All,2009,113590
S08000016,Borders,All,2010,113700
S08000016,Borders,All,2011,113880
S08000016,Borders,All,2012,113720
S08000016,Borders,All,2013,113880
S08000016,Borders,All,2014,114040
S08000016,Borders,All,2015,114030
S08000016,Borders,All,2016,114530
S08000016,Borders,All,2017,115020
S08000016,Borders,All,2018,115270
S08000016,Borders,All,2019,115510
S08000017,Dumfries and Galloway,All,1981,145502
S08000017,Dumfries and Galloway,All,1982,145350
S08000017,Dumfries and Galloway,All,1983,145310
S08000017,Dumfries and Galloway,All,1984,145360
S08000017,Dumfries and Galloway,All,1985,145420
S08000017,Dumfries and Galloway,All,1986,145170
S08000017,Dumfries and Galloway,All,1987,145220
S08000017,Dumfries and Galloway,All,1988,145360
S08000017,Dumfries and Galloway,All,1989,146710
S08000017,Dumfries and Galloway,All,1990,147150
S08000017,Dumfries and Galloway,All,1991,147170
S08000017,Dumfries and Galloway,All,1992,147650
S08000017,Dumfries and Galloway,All,1993,147940
S08000017,Dumfries and Galloway,All,1994,148130
S08000017,Dumfries and Galloway,All,1995,148520
S08000017,Dumfries and Galloway,All,1996,148520
S08000017,Dumfries and Galloway,All,1997,148520
S08000017,Dumfries and Galloway,All,1998,148740
S08000017,Dumfries and Galloway,All,1999,148230
S08000017,Dumfries and Galloway,All,2000,147540
S08000017,Dumfries and Galloway,All,2001,147780
S08000017,Dumfries and Galloway,All,2002,147670
S08000017,Dumfries and Galloway,All,2003,147860
S08000017,Dumfries and Galloway,All,2004,148700
S08000017,Dumfries and Galloway,All,2005,149620
S08000017,Dumfries and Galloway,All,2006,149770
S08000017,Dumfries and Galloway,All,2007,150370
S08000017,Dumfries and Galloway,All,2008,151010
S08000017,Dumfries and Galloway,All,2009,151160
S08000017,Dumfries and Galloway,All,2010,151100
S08000017,Dumfries and Galloway,All,2011,151410
S08000017,Dumfries and Galloway,All,2012,150840
S08000017,Dumfries and Galloway,All,2013,150280
S08000017,Dumfries and Galloway,All,2014,149960
S08000017,Dumfries and Galloway,All,2015,149670
S08000017,Dumfries and Galloway,All,2016,149520
S08000017,Dumfries and Galloway,All,2017,149200
S08000017,Dumfries and Galloway,All,2018,148790
S08000017,Dumfries and Galloway,All,2019,148860
S08000029,Fife,All,1981,341589
S08000029,Fife,All,1982,342300
S08000029,Fife,All,1983,343800
S08000029,Fife,All,1984,345300
S08000029,Fife,All,1985,345400
S08000029,Fife,All,1986,345490
S08000029,Fife,All,1987,345480
S08000029,Fife,All,1988,345170
S08000029,Fife,All,1989,345970
S08000029,Fife,All,1990,346970
S08000029,Fife,All,1991,347360
S08000029,Fife,All,1992,347910
S08000029,Fife,All,1993,349260
S08000029,Fife,All,1994,350190
S08000029,Fife,All,1995,349720
S08000029,Fife,All,1996,347430
S08000029,Fife,All,1997,346540
S08000029,Fife,All,1998,346540
S08000029,Fife,All,1999,347030
S08000029,Fife,All,2000,348340
S08000029,Fife,All,2001,349770
S08000029,Fife,All,2002,350740
S08000029,Fife,All,2003,351360
S08000029,Fife,All,2004,353050
S08000029,Fife,All,2005,355460
S08000029,Fife,All,2006,357260
S08000029,Fife,All,2007,358740
S08000029,Fife,All,2008,360040
S08000029,Fife,All,2009,361420
S08000029,Fife,All,2010,362610
S08000029,Fife,All,2011,365300
S08000029,Fife,All,2012,366210
S08000029,Fife,All,2013,366900
S08000029,Fife,All,2014,367250
S08000029,Fife,All,2015,368080
S08000029,Fife,All,2016,370330
S08000029,Fife,All,2017,371410
S08000029,Fife,All,2018,371910
S08000029,Fife,All,2019,373550
S08000019,Forth Valley,All,1981,273625
S08000019,Forth Valley,All,1982,273270
S08000019,Forth Valley,All,1983,272950
S08000019,Forth Valley,All,1984,272890
S08000019,Forth Valley,All,1985,272450
S08000019,Forth Valley,All,1986,271930
S08000019,Forth Valley,All,1987,272090
S08000019,Forth Valley,All,1988,271340
S08000019,Forth Valley,All,1989,271070
S08000019,Forth Valley,All,1990,271810
S08000019,Forth Valley,All,1991,271530
S08000019,Forth Valley,All,1992,271620
S08000019,Forth Valley,All,1993,272060
S08000019,Forth Valley,All,1994,272850
S08000019,Forth Valley,All,1995,273670
S08000019,Forth Valley,All,1996,274660
S08000019,Forth Valley,All,1997,275950
S08000019,Forth Valley,All,1998,276970
S08000019,Forth Valley,All,1999,278260
S08000019,Forth Valley,All,2000,278980
S08000019,Forth Valley,All,2001,279540
S08000019,Forth Valley,All,2002,280690
S08000019,Forth Valley,All,2003,282030
S08000019,Forth Valley,All,2004,283900
S08000019,Forth Valley,All,2005,286800
S08000019,Forth Valley,All,2006,288720
S08000019,Forth Valley,All,2007,291350
S08000019,Forth Valley,All,2008,293020
S08000019,Forth Valley,All,2009,294190
S08000019,Forth Valley,All,2010,296010
S08000019,Forth Valley,All,2011,298080
S08000019,Forth Valley,All,2012,299090
S08000019,Forth Valley,All,2013,299670
S08000019,Forth Valley,All,2014,300400
S08000019,Forth Valley,All,2015,302650
S08000019,Forth Valley,All,2016,304480
S08000019,Forth Valley,All,2017,305580
S08000019,Forth Valley,All,2018,306070
S08000019,Forth Valley,All,2019,306640
S08000020,Grampian,All,1981,484899
S08000020,Grampian,All,1982,490230
S08000020,Grampian,All,1983,494180
S08000020,Grampian,All,1984,497530
S08000020,Grampian,All,1985,500960
S08000020,Grampian,All,1986,503700
S08000020,Grampian,All,1987,503630
S08000020,Grampian,All,1988,502370
S08000020,Grampian,All,1989,506300
S08000020,Grampian,All,1990,508750
S08000020,Grampian,All,1991,513980
S08000020,Grampian,All,1992,521490
S08000020,Grampian,All,1993,527870
S08000020,Grampian,All,1994,532910
S08000020,Grampian,All,1995,533820
S08000020,Grampian,All,1996,532770
S08000020,Grampian,All,1997,530480
S08000020,Grampian,All,1998,528670
S08000020,Grampian,All,1999,528670
S08000020,Grampian,All,2000,527080
S08000020,Grampian,All,2001,525850
S08000020,Grampian,All,2002,527200
S08000020,Grampian,All,2003,529360
S08000020,Grampian,All,2004,531890
S08000020,Grampian,All,2005,536360
S08000020,Grampian,All,2006,541590
S08000020,Grampian,All,2007,548300
S08000020,Grampian,All,2008,553690
S08000020,Grampian,All,2009,559200
S08000020,Grampian,All,2010,564850
S08000020,Grampian,All,2011,569580
S08000020,Grampian,All,2012,573400
S08000020,Grampian,All,2013,579200
S08000020,Grampian,All,2014,584220
S08000020,Grampian,All,2015,587820
S08000020,Grampian,All,2016,588100
S08000020,Grampian,All,2017,586380
S08000020,Grampian,All,2018,584550
S08000020,Grampian,All,2019,585700
S08000031,Greater Glasgow and Clyde,All,1981,1294362
S08000031,Greater Glasgow and Clyde,All,1982,1281920
S08000031,Greater Glasgow and Clyde,All,1983,1268700
S08000031,Greater Glasgow and Clyde,All,1984,1257400
S08000031,Greater Glasgow and Clyde,All,1985,1246970
S08000031,Greater Glasgow and Clyde,All,1986,1237430
S08000031,Greater Glasgow and Clyde,All,1987,1225800
S08000031,Greater Glasgow and Clyde,All,1988,1212240
S08000031,Greater Glasgow and Clyde,All,1989,1202410
S08000031,Greater Glasgow and Clyde,All,1990,1193880
S08000031,Greater Glasgow and Clyde,All,1991,1189490
S08000031,Greater Glasgow and Clyde,All,1992,1180990
S08000031,Greater Glasgow and Clyde,All,1993,1174650
S08000031,Greater Glasgow and Clyde,All,1994,1170020
S08000031,Greater Glasgow and Clyde,All,1995,1162400
S08000031,Greater Glasgow and Clyde,All,1996,1154320
S08000031,Greater Glasgow and Clyde,All,1997,1145290
S08000031,Greater Glasgow and Clyde,All,1998,1140490
S08000031,Greater Glasgow and Clyde,All,1999,1134250
S08000031,Greater Glasgow and Clyde,All,2000,1126950
S08000031,Greater Glasgow and Clyde,All,2001,1126690
S08000031,Greater Glasgow and Clyde,All,2002,1122800
S08000031,Greater Glasgow and Clyde,All,2003,1116470
S08000031,Greater Glasgow and Clyde,All,2004,1112010
S08000031,Greater Glasgow and Clyde,All,2005,1110810
S08000031,Greater Glasgow and Clyde,All,2006,1108800
S08000031,Greater Glasgow and Clyde,All,2007,1112000
S08000031,Greater Glasgow and Clyde,All,2008,1116840
S08000031,Greater Glasgow and Clyde,All,2009,1122330
S08000031,Greater Glasgow and Clyde,All,2010,1127840
S08000031,Greater Glasgow and Clyde,All,2011,1135400
S08000031,Greater Glasgow and Clyde,All,2012,1137320
S08000031,Greater Glasgow and Clyde,All,2013,1137920
S08000031,Greater Glasgow and Clyde,All,2014,1142590
S08000031,Greater Glasgow and Clyde,All,2015,1149890
S08000031,Greater Glasgow and Clyde,All,2016,1161370
S08000031,Greater Glasgow and Clyde,All,2017,1169110
S08000031,Greater Glasgow and Clyde,All,2018,1174980
S08000031,Greater Glasgow and Clyde,All,2019,1183120
S08000022,Highland,All,1981,285851
S08000022,Highland,All,1982,285920
S08000022,Highland,All,1983,287460
S08000022,Highland,All,1984,288980
S08000022,Highland,All,1985,290610
S08000022,Highland,All,1986,291620
S08000022,Highland,All,1987,291670
S08000022,Highland,All,1988,292940
S08000022,Highland,All,1989,294340
S08000022,Highland,All,1990,295780
S08000022,Highland,All,1991,297310
S08000022,Highland,All,1992,297350
S08000022,Highland,All,1993,297910
S08000022,Highland,All,1994,299290
S08000022,Highland,All,1995,300170
S08000022,Highland,All,1996,300390
S08000022,Highland,All,1997,300280
S08000022,Highland,All,1998,300520
S08000022,Highland,All,1999,300840
S08000022,Highland,All,2000,300180
S08000022,Highland,All,2001,300220
S08000022,Highland,All,2002,300780
S08000022,Highland,All,2003,302570
S08000022,Highland,All,2004,305140
S08000022,Highland,All,2005,308400
S08000022,Highland,All,2006,311640
S08000022,Highland,All,2007,314790
S08000022,Highland,All,2008,316880
S08000022,Highland,All,2009,318200
S08000022,Highland,All,2010,319350
S08000022,Highland,All,2011,321660
S08000022,Highland,All,2012,319800
S08000022,Highland,All,2013,320980
S08000022,Highland,All,2014,320730
S08000022,Highland,All,2015,321000
S08000022,Highland,All,2016,321900
S08000022,Highland,All,2017,321990
S08000022,Highland,All,2018,321800
S08000022,Highland,All,2019,321700
S08000032,Lanarkshire,All,1981,651649
S08000032,Lanarkshire,All,1982,648790
S08000032,Lanarkshire,All,1983,646900
S08000032,Lanarkshire,All,1984,644620
S08000032,Lanarkshire,All,1985,641030
S08000032,Lanarkshire,All,1986,636700
S08000032,Lanarkshire,All,1987,635060
S08000032,Lanarkshire,All,1988,631730
S08000032,Lanarkshire,All,1989,631610
S08000032,Lanarkshire,All,1990,631520
S08000032,Lanarkshire,All,1991,629430
S08000032,Lanarkshire,All,1992,629060
S08000032,Lanarkshire,All,1993,628150
S08000032,Lanarkshire,All,1994,629050
S08000032,Lanarkshire,All,1995,628380
S08000032,Lanarkshire,All,1996,627060
S08000032,Lanarkshire,All,1997,626950
S08000032,Lanarkshire,All,1998,625510
S08000032,Lanarkshire,All,1999,624740
S08000032,Lanarkshire,All,2000,623660
S08000032,Lanarkshire,All,2001,623520
S08000032,Lanarkshire,All,2002,625290
S08000032,Lanarkshire,All,2003,627180
S08000032,Lanarkshire,All,2004,631060
S08000032,Lanarkshire,All,2005,633990
S08000032,Lanarkshire,All,2006,637190
S08000032,Lanarkshire,All,2007,641530
S08000032,Lanarkshire,All,2008,644590
S08000032,Lanarkshire,All,2009,647340
S08000032,Lanarkshire,All,2010,649460
S08000032,Lanarkshire,All,2011,651620
S08000032,Lanarkshire,All,2012,652220
S08000032,Lanarkshire,All,2013,652590
S08000032,Lanarkshire,All,2014,653300
S08000032,Lanarkshire,All,2015,654490
S08000032,Lanarkshire,All,2016,656490
S08000032,Lanarkshire,All,2017,658130
S08000032,Lanarkshire,All,2018,659200
S08000032,Lanarkshire,All,2019,661900
S08000024,Lothian,All,1981,749481
S08000024,Lothian,All,1982,748460
S08000024,Lothian,All,1983,744730
S08000024,Lothian,All,1984,744690
S08000024,Lothian,All,1985,743660
S08000024,Lothian,All,1986,740350
S08000024,Lothian,All,1987,741310
S08000024,Lothian,All,1988,739040
S08000024,Lothian,All,1989,742670
S08000024,Lothian,All,1990,745280
S08000024,Lothian,All,1991,745330
S08000024,Lothian,All,1992,744730
S08000024,Lothian,All,1993,747890
S08000024,Lothian,All,1994,752330
S08000024,Lothian,All,1995,758030
S08000024,Lothian,All,1996,760940
S08000024,Lothian,All,1997,764780
S08000024,Lothian,All,1998,767920
S08000024,Lothian,All,1999,771690
S08000024,Lothian,All,2000,776500
S08000024,Lothian,All,2001,779180
S08000024,Lothian,All,2002,779810
S08000024,Lothian,All,2003,778910
S08000024,Lothian,All,2004,781810
S08000024,Lothian,All,2005,787260
S08000024,Lothian,All,2006,792990
S08000024,Lothian,All,2007,801450
S08000024,Lothian,All,2008,808940
S08000024,Lothian,All,2009,816510
S08000024,Lothian,All,2010,825520
S08000024,Lothian,All,2011,836610
S08000024,Lothian,All,2012,843740
S08000024,Lothian,All,2013,849720
S08000024,Lothian,All,2014,858120
S08000024,Lothian,All,2015,867800
S08000024,Lothian,All,2016,880000
S08000024,Lothian,All,2017,889450
S08000024,Lothian,All,2018,897770
S08000024,Lothian,All,2019,907580
S08000025,Orkney,All,1981,19182
S08000025,Orkney,All,1982,19100
S08000025,Orkney,All,1983,19190
S08000025,Orkney,All,1984,19190
S08000025,Orkney,All,1985,19180
S08000025,Orkney,All,1986,19080
S08000025,Orkney,All,1987,19070
S08000025,Orkney,All,1988,19170
S08000025,Orkney,All,1989,19270
S08000025,Orkney,All,1990,19360
S08000025,Orkney,All,1991,19520
S08000025,Orkney,All,1992,19670
S08000025,Orkney,All,1993,19710
S08000025,Orkney,All,1994,19750
S08000025,Orkney,All,1995,19810
S08000025,Orkney,All,1996,19730
S08000025,Orkney,All,1997,19770
S08000025,Orkney,All,1998,19590
S08000025,Orkney,All,1999,19420
S08000025,Orkney,All,2000,19290
S08000025,Orkney,All,2001,19220
S08000025,Orkney,All,2002,19330
S08000025,Orkney,All,2003,19540
S08000025,Orkney,All,2004,19830
S08000025,Orkney,All,2005,20070
S08000025,Orkney,All,2006,20340
S08000025,Orkney,All,2007,20580
S08000025,Orkney,All,2008,20740
S08000025,Orkney,All,2009,20940
S08000025,Orkney,All,2010,21220
S08000025,Orkney,All,2011,21420
S08000025,Orkney,All,2012,21530
S08000025,Orkney,All,2013,21560
S08000025,Orkney,All,2014,21580
S08000025,Orkney,All,2015,21670
S08000025,Orkney,All,2016,21850
S08000025,Orkney,All,2017,22000
S08000025,Orkney,All,2018,22190
S08000025,Orkney,All,2019,22270
S08000026,Shetland,All,1981,26347
S08000026,Shetland,All,1982,24100
S08000026,Shetland,All,1983,22300
S08000026,Shetland,All,1984,22200
S08000026,Shetland,All,1985,22300
S08000026,Shetland,All,1986,22400
S08000026,Shetland,All,1987,22400
S08000026,Shetland,All,1988,22300
S08000026,Shetland,All,1989,22200
S08000026,Shetland,All,1990,22390
S08000026,Shetland,All,1991,22530
S08000026,Shetland,All,1992,22600
S08000026,Shetland,All,1993,22760
S08000026,Shetland,All,1994,22790
S08000026,Shetland,All,1995,22970
S08000026,Shetland,All,1996,22860
S08000026,Shetland,All,1997,22830
S08000026,Shetland,All,1998,22700
S08000026,Shetland,All,1999,22510
S08000026,Shetland,All,2000,22180
S08000026,Shetland,All,2001,21960
S08000026,Shetland,All,2002,22000
S08000026,Shetland,All,2003,21950
S08000026,Shetland,All,2004,22090
S08000026,Shetland,All,2005,22250
S08000026,Shetland,All,2006,22210
S08000026,Shetland,All,2007,22350
S08000026,Shetland,All,2008,22480
S08000026,Shetland,All,2009,22800
S08000026,Shetland,All,2010,23060
S08000026,Shetland,All,2011,23240
S08000026,Shetland,All,2012,23210
S08000026,Shetland,All,2013,23200
S08000026,Shetland,All,2014,23220
S08000026,Shetland,All,2015,23200
S08000026,Shetland,All,2016,23200
S08000026,Shetland,All,2017,23080
S08000026,Shetland,All,2018,22990
S08000026,Shetland,All,2019,22920
S08000030,Tayside,All,1981,397055
S08000030,Tayside,All,1982,395680
S08000030,Tayside,All,1983,393870
S08000030,Tayside,All,1984,392060
S08000030,Tayside,All,1985,391640
S08000030,Tayside,All,1986,389920
S08000030,Tayside,All,1987,389500
S08000030,Tayside,All,1988,388490
S08000030,Tayside,All,1989,387970
S08000030,Tayside,All,1990,390050
S08000030,Tayside,All,1991,391320
S08000030,Tayside,All,1992,394160
S08000030,Tayside,All,1993,395480
S08000030,Tayside,All,1994,395980
S08000030,Tayside,All,1995,397240
S08000030,Tayside,All,1996,395900
S08000030,Tayside,All,1997,395330
S08000030,Tayside,All,1998,394050
S08000030,Tayside,All,1999,392730
S08000030,Tayside,All,2000,390430
S08000030,Tayside,All,2001,388780
S08000030,Tayside,All,2002,388310
S08000030,Tayside,All,2003,388740
S08000030,Tayside,All,2004,390170
S08000030,Tayside,All,2005,393000
S08000030,Tayside,All,2006,395240
S08000030,Tayside,All,2007,398380
S08000030,Tayside,All,2008,401910
S08000030,Tayside,All,2009,404370
S08000030,Tayside,All,2010,407070
S08000030,Tayside,All,2011,410250
S08000030,Tayside,All,2012,411740
S08000030,Tayside,All,2013,412160
S08000030,Tayside,All,2014,413800
S08000030,Tayside,All,2015,415040
S08000030,Tayside,All,2016,415470
S08000030,Tayside,All,2017,416090
S08000030,Tayside,All,2018,416080
S08000030,Tayside,All,2019,417470
S08000028,Western Isles,All,1981,31548
S08000028,Western Isles,All,1982,31490
S08000028,Western Isles,All,1983,31380
S08000028,Western Isles,All,1984,31180
S08000028,Western Isles,All,1985,31070
S08000028,Western Isles,All,1986,30970
S08000028,Western Isles,All,1987,30460
S08000028,Western Isles,All,1988,30260
S08000028,Western Isles,All,1989,29950
S08000028,Western Isles,All,1990,29740
S08000028,Western Isles,All,1991,29330
S08000028,Western Isles,All,1992,29240
S08000028,Western Isles,All,1993,29260
S08000028,Western Isles,All,1994,29120
S08000028,Western Isles,All,1995,28810
S08000028,Western Isles,All,1996,28600
S08000028,Western Isles,All,1997,27910
S08000028,Western Isles,All,1998,27540
S08000028,Western Isles,All,1999,27210
S08000028,Western Isles,All,2000,26790
S08000028,Western Isles,All,2001,26450
S08000028,Western Isles,All,2002,26350
S08000028,Western Isles,All,2003,26430
S08000028,Western Isles,All,2004,26650
S08000028,Western Isles,All,2005,26930
S08000028,Western Isles,All,2006,27060
S08000028,Western Isles,All,2007,27210
S08000028,Western Isles,All,2008,27280
S08000028,Western Isles,All,2009,27420
S08000028,Western Isles,All,2010,27600
S08000028,Western Isles,All,2011,27690
S08000028,Western Isles,All,2012,27560
S08000028,Western Isles,All,2013,27400
S08000028,Western Isles,All,2014,27250
S08000028,Western Isles,All,2015,27070
S08000028,Western Isles,All,2016,26900
S08000028,Western Isles,All,2017,26950
S08000028,Western Isles,All,2018,26830
S08000028,Western Isles,All,2019,26720
S92000003,Scotland,Male,1981,2494860
S92000003,Scotland,Male,1982,2487335
S92000003,Scotland,Male,1983,2479075
S92000003,Scotland,Male,1984,2474623
S92000003,Scotland,Male,1985,2469514
S92000003,Scotland,Male,1986,2462311
S92000003,Scotland,Male,1987,2455403
S92000003,Scotland,Male,1988,2444319
S92000003,Scotland,Male,1989,2443165
S92000003,Scotland,Male,1990,2443865
S92000003,Scotland,Male,1991,2444515
S92000003,Scotland,Male,1992,2445272
S92000003,Scotland,Male,1993,2448419
S92000003,Scotland,Male,1994,2453342
S92000003,Scotland,Male,1995,2453353
S92000003,Scotland,Male,1996,2447020
S92000003,Scotland,Male,1997,2442322
S92000003,Scotland,Male,1998,2438991
S92000003,Scotland,Male,1999,2436535
S92000003,Scotland,Male,2000,2431926
S92000003,Scotland,Male,2001,2433733
S92000003,Scotland,Male,2002,2435635
S92000003,Scotland,Male,2003,2438088
S92000003,Scotland,Male,2004,2446603
S92000003,Scotland,Male,2005,2461274
S92000003,Scotland,Male,2006,2475064
S92000003,Scotland,Male,2007,2496559
S92000003,Scotland,Male,2008,2515298
S92000003,Scotland,Male,2009,2531969
S92000003,Scotland,Male,2010,2548218
S92000003,Scotland,Male,2011,2570300
S92000003,Scotland,Male,2012,2577290
S92000003,Scotland,Male,2013,2586680
S92000003,Scotland,Male,2014,2596530
S92000003,Scotland,Male,2015,2610469
S92000003,Scotland,Male,2016,2627503
S92000003,Scotland,Male,2017,2640300
S92000003,Scotland,Male,2018,2648751
S92000003,Scotland,Male,2019,2663003
S08000015,Ayrshire and Arran,Male,1981,181080
S08000015,Ayrshire and Arran,Male,1982,180703
S08000015,Ayrshire and Arran,Male,1983,180362
S08000015,Ayrshire and Arran,Male,1984,180168
S08000015,Ayrshire and Arran,Male,1985,179684
S08000015,Ayrshire and Arran,Male,1986,179713
S08000015,Ayrshire and Arran,Male,1987,179519
S08000015,Ayrshire and Arran,Male,1988,179010
S08000015,Ayrshire and Arran,Male,1989,178993
S08000015,Ayrshire and Arran,Male,1990,179072
S08000015,Ayrshire and Arran,Male,1991,178960
S08000015,Ayrshire and Arran,Male,1992,178759
S08000015,Ayrshire and Arran,Male,1993,178666
S08000015,Ayrshire and Arran,Male,1994,178505
S08000015,Ayrshire and Arran,Male,1995,178441
S08000015,Ayrshire and Arran,Male,1996,178031
S08000015,Ayrshire and Arran,Male,1997,177756
S08000015,Ayrshire and Arran,Male,1998,177114
S08000015,Ayrshire and Arran,Male,1999,176589
S08000015,Ayrshire and Arran,Male,2000,175833
S08000015,Ayrshire and Arran,Male,2001,175547
S08000015,Ayrshire and Arran,Male,2002,175000
S08000015,Ayrshire and Arran,Male,2003,175184
S08000015,Ayrshire and Arran,Male,2004,175727
S08000015,Ayrshire and Arran,Male,2005,175997
S08000015,Ayrshire and Arran,Male,2006,176243
S08000015,Ayrshire and Arran,Male,2007,177026
S08000015,Ayrshire and Arran,Male,2008,177874
S08000015,Ayrshire and Arran,Male,2009,178142
S08000015,Ayrshire and Arran,Male,2010,178299
S08000015,Ayrshire and Arran,Male,2011,178895
S08000015,Ayrshire and Arran,Male,2012,178674
S08000015,Ayrshire and Arran,Male,2013,178241
S08000015,Ayrshire and Arran,Male,2014,177737
S08000015,Ayrshire and Arran,Male,2015,177579
S08000015,Ayrshire and Arran,Male,2016,177602
S08000015,Ayrshire and Arran,Male,2017,177610
S08000015,Ayrshire and Arran,Male,2018,177216
S08000015,Ayrshire and Arran,Male,2019,177049
S08000016,Borders,Male,1981,48211
S08000016,Borders,Male,1982,48180
S08000016,Borders,Male,1983,48230
S08000016,Borders,Male,1984,48314
S08000016,Borders,Male,1985,48528
S08000016,Borders,Male,1986,48560
S08000016,Borders,Male,1987,48769
S08000016,Borders,Male,1988,48869
S08000016,Borders,Male,1989,49099
S08000016,Borders,Male,1990,49482
S08000016,Borders,Male,1991,49783
S08000016,Borders,Male,1992,50012
S08000016,Borders,Male,1993,50267
S08000016,Borders,Male,1994,50511
S08000016,Borders,Male,1995,50810
S08000016,Borders,Male,1996,50810
S08000016,Borders,Male,1997,50886
S08000016,Borders,Male,1998,50944
S08000016,Borders,Male,1999,50926
S08000016,Borders,Male,2000,51104
S08000016,Borders,Male,2001,51467
S08000016,Borders,Male,2002,51873
S08000016,Borders,Male,2003,52294
S08000016,Borders,Male,2004,52879
S08000016,Borders,Male,2005,53306
S08000016,Borders,Male,2006,53675
S08000016,Borders,Male,2007,54355
S08000016,Borders,Male,2008,54852
S08000016,Borders,Male,2009,54911
S08000016,Borders,Male,2010,54941
S08000016,Borders,Male,2011,55195
S08000016,Borders,Male,2012,55183
S08000016,Borders,Male,2013,55311
S08000016,Borders,Male,2014,55319
S08000016,Borders,Male,2015,55273
S08000016,Borders,Male,2016,55516
S08000016,Borders,Male,2017,55789
S08000016,Borders,Male,2018,55989
S08000016,Borders,Male,2019,56123
S08000017,Dumfries and Galloway,Male,1981,70374
S08000017,Dumfries and Galloway,Male,1982,70347
S08000017,Dumfries and Galloway,Male,1983,70376
S08000017,Dumfries and Galloway,Male,1984,70395
S08000017,Dumfries and Galloway,Male,1985,70415
S08000017,Dumfries and Galloway,Male,1986,70247
S08000017,Dumfries and Galloway,Male,1987,70262
S08000017,Dumfries and Galloway,Male,1988,70255
S08000017,Dumfries and Galloway,Male,1989,70844
S08000017,Dumfries and Galloway,Male,1990,71018
S08000017,Dumfries and Galloway,Male,1991,71017
S08000017,Dumfries and Galloway,Male,1992,71266
S08000017,Dumfries and Galloway,Male,1993,71442
S08000017,Dumfries and Galloway,Male,1994,71582
S08000017,Dumfries and Galloway,Male,1995,71755
S08000017,Dumfries and Galloway,Male,1996,71768
S08000017,Dumfries and Galloway,Male,1997,71798
S08000017,Dumfries and Galloway,Male,1998,71909
S08000017,Dumfries and Galloway,Male,1999,71611
S08000017,Dumfries and Galloway,Male,2000,71210
S08000017,Dumfries and Galloway,Male,2001,71309
S08000017,Dumfries and Galloway,Male,2002,71324
S08000017,Dumfries and Galloway,Male,2003,71462
S08000017,Dumfries and Galloway,Male,2004,71881
S08000017,Dumfries and Galloway,Male,2005,72382
S08000017,Dumfries and Galloway,Male,2006,72469
S08000017,Dumfries and Galloway,Male,2007,72868
S08000017,Dumfries and Galloway,Male,2008,73167
S08000017,Dumfries and Galloway,Male,2009,73179
S08000017,Dumfries and Galloway,Male,2010,73181
S08000017,Dumfries and Galloway,Male,2011,73379
S08000017,Dumfries and Galloway,Male,2012,73212
S08000017,Dumfries and Galloway,Male,2013,72980
S08000017,Dumfries and Galloway,Male,2014,72825
S08000017,Dumfries and Galloway,Male,2015,72691
S08000017,Dumfries and Galloway,Male,2016,72533
S08000017,Dumfries and Galloway,Male,2017,72424
S08000017,Dumfries and Galloway,Male,2018,72321
S08000017,Dumfries and Galloway,Male,2019,72435
S08000029,Fife,Male,1981,165431
S08000029,Fife,Male,1982,166029
S08000029,Fife,Male,1983,167005
S08000029,Fife,Male,1984,167734
S08000029,Fife,Male,1985,167772
S08000029,Fife,Male,1986,168065
S08000029,Fife,Male,1987,167990
S08000029,Fife,Male,1988,167611
S08000029,Fife,Male,1989,167819
S08000029,Fife,Male,1990,168079
S08000029,Fife,Male,1991,167994
S08000029,Fife,Male,1992,168229
S08000029,Fife,Male,1993,169034
S08000029,Fife,Male,1994,169182
S08000029,Fife,Male,1995,168551
S08000029,Fife,Male,1996,166809
S08000029,Fife,Male,1997,166354
S08000029,Fife,Male,1998,166293
S08000029,Fife,Male,1999,166573
S08000029,Fife,Male,2000,167105
S08000029,Fife,Male,2001,167765
S08000029,Fife,Male,2002,168091
S08000029,Fife,Male,2003,168727
S08000029,Fife,Male,2004,169701
S08000029,Fife,Male,2005,171104
S08000029,Fife,Male,2006,172259
S08000029,Fife,Male,2007,173185
S08000029,Fife,Male,2008,173864
S08000029,Fife,Male,2009,174614
S08000029,Fife,Male,2010,175198
S08000029,Fife,Male,2011,176975
S08000029,Fife,Male,2012,177448
S08000029,Fife,Male,2013,177971
S08000029,Fife,Male,2014,177912
S08000029,Fife,Male,2015,178047
S08000029,Fife,Male,2016,179552
S08000029,Fife,Male,2017,180312
S08000029,Fife,Male,2018,180620
S08000029,Fife,Male,2019,181414
S08000019,Forth Valley,Male,1981,132735
S08000019,Forth Valley,Male,1982,132652
S08000019,Forth Valley,Male,1983,132572
S08000019,Forth Valley,Male,1984,132467
S08000019,Forth Valley,Male,1985,132122
S08000019,Forth Valley,Male,1986,131839
S08000019,Forth Valley,Male,1987,131686
S08000019,Forth Valley,Male,1988,131171
S08000019,Forth Valley,Male,1989,130821
S08000019,Forth Valley,Male,1990,130969
S08000019,Forth Valley,Male,1991,130770
S08000019,Forth Valley,Male,1992,130760
S08000019,Forth Valley,Male,1993,130844
S08000019,Forth Valley,Male,1994,131287
S08000019,Forth Valley,Male,1995,131657
S08000019,Forth Valley,Male,1996,132199
S08000019,Forth Valley,Male,1997,132778
S08000019,Forth Valley,Male,1998,133257
S08000019,Forth Valley,Male,1999,133866
S08000019,Forth Valley,Male,2000,134176
S08000019,Forth Valley,Male,2001,134465
S08000019,Forth Valley,Male,2002,134974
S08000019,Forth Valley,Male,2003,135790
S08000019,Forth Valley,Male,2004,136805
S08000019,Forth Valley,Male,2005,138342
S08000019,Forth Valley,Male,2006,139349
S08000019,Forth Valley,Male,2007,140931
S08000019,Forth Valley,Male,2008,141899
S08000019,Forth Valley,Male,2009,142570
S08000019,Forth Valley,Male,2010,143590
S08000019,Forth Valley,Male,2011,144740
S08000019,Forth Valley,Male,2012,145360
S08000019,Forth Valley,Male,2013,145791
S08000019,Forth Valley,Male,2014,146125
S08000019,Forth Valley,Male,2015,147313
S08000019,Forth Valley,Male,2016,148274
S08000019,Forth Valley,Male,2017,148836
S08000019,Forth Valley,Male,2018,149167
S08000019,Forth Valley,Male,2019,149627
S08000020,Grampian,Male,1981,236527
S08000020,Grampian,Male,1982,239155
S08000020,Grampian,Male,1983,241441
S08000020,Grampian,Male,1984,243038
S08000020,Grampian,Male,1985,245141
S08000020,Grampian,Male,1986,246796
S08000020,Grampian,Male,1987,246772
S08000020,Grampian,Male,1988,246274
S08000020,Grampian,Male,1989,248014
S08000020,Grampian,Male,1990,249341
S08000020,Grampian,Male,1991,252329
S08000020,Grampian,Male,1992,256223
S08000020,Grampian,Male,1993,259483
S08000020,Grampian,Male,1994,262124
S08000020,Grampian,Male,1995,262571
S08000020,Grampian,Male,1996,261806
S08000020,Grampian,Male,1997,260885
S08000020,Grampian,Male,1998,260417
S08000020,Grampian,Male,1999,260645
S08000020,Grampian,Male,2000,260262
S08000020,Grampian,Male,2001,259672
S08000020,Grampian,Male,2002,260462
S08000020,Grampian,Male,2003,261615
S08000020,Grampian,Male,2004,262569
S08000020,Grampian,Male,2005,264590
S08000020,Grampian,Male,2006,267507
S08000020,Grampian,Male,2007,270977
S08000020,Grampian,Male,2008,274148
S08000020,Grampian,Male,2009,276801
S08000020,Grampian,Male,2010,279509
S08000020,Grampian,Male,2011,281772
S08000020,Grampian,Male,2012,283628
S08000020,Grampian,Male,2013,287185
S08000020,Grampian,Male,2014,289615
S08000020,Grampian,Male,2015,291775
S08000020,Grampian,Male,2016,292145
S08000020,Grampian,Male,2017,291657
S08000020,Grampian,Male,2018,290728
S08000020,Grampian,Male,2019,291283
S08000031,Greater Glasgow and Clyde,Male,1981,618095
S08000031,Greater Glasgow and Clyde,Male,1982,612416
S08000031,Greater Glasgow and Clyde,Male,1983,605882
S08000031,Greater Glasgow and Clyde,Male,1984,600075
S08000031,Greater Glasgow and Clyde,Male,1985,594907
S08000031,Greater Glasgow and Clyde,Male,1986,590136
S08000031,Greater Glasgow and Clyde,Male,1987,584317
S08000031,Greater Glasgow and Clyde,Male,1988,577798
S08000031,Greater Glasgow and Clyde,Male,1989,572312
S08000031,Greater Glasgow and Clyde,Male,1990,567812
S08000031,Greater Glasgow and Clyde,Male,1991,565559
S08000031,Greater Glasgow and Clyde,Male,1992,561258
S08000031,Greater Glasgow and Clyde,Male,1993,557779
S08000031,Greater Glasgow and Clyde,Male,1994,555496
S08000031,Greater Glasgow and Clyde,Male,1995,551506
S08000031,Greater Glasgow and Clyde,Male,1996,547386
S08000031,Greater Glasgow and Clyde,Male,1997,542654
S08000031,Greater Glasgow and Clyde,Male,1998,540003
S08000031,Greater Glasgow and Clyde,Male,1999,536704
S08000031,Greater Glasgow and Clyde,Male,2000,532951
S08000031,Greater Glasgow and Clyde,Male,2001,534390
S08000031,Greater Glasgow and Clyde,Male,2002,532890
S08000031,Greater Glasgow and Clyde,Male,2003,529844
S08000031,Greater Glasgow and Clyde,Male,2004,528384
S08000031,Greater Glasgow and Clyde,Male,2005,528794
S08000031,Greater Glasgow and Clyde,Male,2006,528196
S08000031,Greater Glasgow and Clyde,Male,2007,530591
S08000031,Greater Glasgow and Clyde,Male,2008,533891
S08000031,Greater Glasgow and Clyde,Male,2009,537716
S08000031,Greater Glasgow and Clyde,Male,2010,541152
S08000031,Greater Glasgow and Clyde,Male,2011,545664
S08000031,Greater Glasgow and Clyde,Male,2012,546994
S08000031,Greater Glasgow and Clyde,Male,2013,547844
S08000031,Greater Glasgow and Clyde,Male,2014,550378
S08000031,Greater Glasgow and Clyde,Male,2015,554844
S08000031,Greater Glasgow and Clyde,Male,2016,560944
S08000031,Greater Glasgow and Clyde,Male,2017,566027
S08000031,Greater Glasgow and Clyde,Male,2018,569757
S08000031,Greater Glasgow and Clyde,Male,2019,574694
S08000022,Highland,Male,1981,139898
S08000022,Highland,Male,1982,140125
S08000022,Highland,Male,1983,140896
S08000022,Highland,Male,1984,141636
S08000022,Highland,Male,1985,142498
S08000022,Highland,Male,1986,143029
S08000022,Highland,Male,1987,143016
S08000022,Highland,Male,1988,143897
S08000022,Highland,Male,1989,144693
S08000022,Highland,Male,1990,145371
S08000022,Highland,Male,1991,145923
S08000022,Highland,Male,1992,145565
S08000022,Highland,Male,1993,145541
S08000022,Highland,Male,1994,146282
S08000022,Highland,Male,1995,146851
S08000022,Highland,Male,1996,146901
S08000022,Highland,Male,1997,146972
S08000022,Highland,Male,1998,147089
S08000022,Highland,Male,1999,147406
S08000022,Highland,Male,2000,147196
S08000022,Highland,Male,2001,147159
S08000022,Highland,Male,2002,147730
S08000022,Highland,Male,2003,148458
S08000022,Highland,Male,2004,149094
S08000022,Highland,Male,2005,150611
S08000022,Highland,Male,2006,152656
S08000022,Highland,Male,2007,154254
S08000022,Highland,Male,2008,155385
S08000022,Highland,Male,2009,155984
S08000022,Highland,Male,2010,156166
S08000022,Highland,Male,2011,157608
S08000022,Highland,Male,2012,156216
S08000022,Highland,Male,2013,157483
S08000022,Highland,Male,2014,157465
S08000022,Highland,Male,2015,157652
S08000022,Highland,Male,2016,158165
S08000022,Highland,Male,2017,158306
S08000022,Highland,Male,2018,158307
S08000022,Highland,Male,2019,158311
S08000032,Lanarkshire,Male,1981,315654
S08000032,Lanarkshire,Male,1982,314202
S08000032,Lanarkshire,Male,1983,313294
S08000032,Lanarkshire,Male,1984,311958
S08000032,Lanarkshire,Male,1985,310125
S08000032,Lanarkshire,Male,1986,307912
S08000032,Lanarkshire,Male,1987,306720
S08000032,Lanarkshire,Male,1988,304892
S08000032,Lanarkshire,Male,1989,304405
S08000032,Lanarkshire,Male,1990,304116
S08000032,Lanarkshire,Male,1991,302795
S08000032,Lanarkshire,Male,1992,302369
S08000032,Lanarkshire,Male,1993,301809
S08000032,Lanarkshire,Male,1994,302131
S08000032,Lanarkshire,Male,1995,301599
S08000032,Lanarkshire,Male,1996,300894
S08000032,Lanarkshire,Male,1997,300721
S08000032,Lanarkshire,Male,1998,299845
S08000032,Lanarkshire,Male,1999,299311
S08000032,Lanarkshire,Male,2000,298580
S08000032,Lanarkshire,Male,2001,298252
S08000032,Lanarkshire,Male,2002,299211
S08000032,Lanarkshire,Male,2003,300242
S08000032,Lanarkshire,Male,2004,302384
S08000032,Lanarkshire,Male,2005,303956
S08000032,Lanarkshire,Male,2006,305850
S08000032,Lanarkshire,Male,2007,308348
S08000032,Lanarkshire,Male,2008,309954
S08000032,Lanarkshire,Male,2009,311613
S08000032,Lanarkshire,Male,2010,312771
S08000032,Lanarkshire,Male,2011,314191
S08000032,Lanarkshire,Male,2012,314559
S08000032,Lanarkshire,Male,2013,314915
S08000032,Lanarkshire,Male,2014,315228
S08000032,Lanarkshire,Male,2015,316003
S08000032,Lanarkshire,Male,2016,317237
S08000032,Lanarkshire,Male,2017,318274
S08000032,Lanarkshire,Male,2018,319022
S08000032,Lanarkshire,Male,2019,320396
S08000024,Lothian,Male,1981,358240
S08000024,Lothian,Male,1982,357373
S08000024,Lothian,Male,1983,355244
S08000024,Lothian,Male,1984,355756
S08000024,Lothian,Male,1985,355140
S08000024,Lothian,Male,1986,353461
S08000024,Lothian,Male,1987,354119
S08000024,Lothian,Male,1988,352945
S08000024,Lothian,Male,1989,355048
S08000024,Lothian,Male,1990,356376
S08000024,Lothian,Male,1991,356436
S08000024,Lothian,Male,1992,356351
S08000024,Lothian,Male,1993,358235
S08000024,Lothian,Male,1994,360405
S08000024,Lothian,Male,1995,363328
S08000024,Lothian,Male,1996,365078
S08000024,Lothian,Male,1997,366873
S08000024,Lothian,Male,1998,368403
S08000024,Lothian,Male,1999,370108
S08000024,Lothian,Male,2000,372272
S08000024,Lothian,Male,2001,373481
S08000024,Lothian,Male,2002,374149
S08000024,Lothian,Male,2003,374282
S08000024,Lothian,Male,2004,376012
S08000024,Lothian,Male,2005,379205
S08000024,Lothian,Male,2006,382529
S08000024,Lothian,Male,2007,387690
S08000024,Lothian,Male,2008,391745
S08000024,Lothian,Male,2009,396163
S08000024,Lothian,Male,2010,401095
S08000024,Lothian,Male,2011,407188
S08000024,Lothian,Male,2012,410349
S08000024,Lothian,Male,2013,412948
S08000024,Lothian,Male,2014,417087
S08000024,Lothian,Male,2015,421564
S08000024,Lothian,Male,2016,427440
S08000024,Lothian,Male,2017,432512
S08000024,Lothian,Male,2018,436939
S08000024,Lothian,Male,2019,442123
S08000025,Orkney,Male,1981,9481
S08000025,Orkney,Male,1982,9395
S08000025,Orkney,Male,1983,9442
S08000025,Orkney,Male,1984,9432
S08000025,Orkney,Male,1985,9439
S08000025,Orkney,Male,1986,9357
S08000025,Orkney,Male,1987,9364
S08000025,Orkney,Male,1988,9418
S08000025,Orkney,Male,1989,9440
S08000025,Orkney,Male,1990,9470
S08000025,Orkney,Male,1991,9566
S08000025,Orkney,Male,1992,9665
S08000025,Orkney,Male,1993,9712
S08000025,Orkney,Male,1994,9726
S08000025,Orkney,Male,1995,9770
S08000025,Orkney,Male,1996,9740
S08000025,Orkney,Male,1997,9762
S08000025,Orkney,Male,1998,9673
S08000025,Orkney,Male,1999,9619
S08000025,Orkney,Male,2000,9508
S08000025,Orkney,Male,2001,9487
S08000025,Orkney,Male,2002,9544
S08000025,Orkney,Male,2003,9655
S08000025,Orkney,Male,2004,9786
S08000025,Orkney,Male,2005,9886
S08000025,Orkney,Male,2006,10013
S08000025,Orkney,Male,2007,10154
S08000025,Orkney,Male,2008,10228
S08000025,Orkney,Male,2009,10331
S08000025,Orkney,Male,2010,10471
S08000025,Orkney,Male,2011,10610
S08000025,Orkney,Male,2012,10693
S08000025,Orkney,Male,2013,10723
S08000025,Orkney,Male,2014,10729
S08000025,Orkney,Male,2015,10785
S08000025,Orkney,Male,2016,10880
S08000025,Orkney,Male,2017,10945
S08000025,Orkney,Male,2018,11039
S08000025,Orkney,Male,2019,11086
S08000026,Shetland,Male,1981,14465
S08000026,Shetland,Male,1982,12414
S08000026,Shetland,Male,1983,10748
S08000026,Shetland,Male,1984,10768
S08000026,Shetland,Male,1985,10931
S08000026,Shetland,Male,1986,11053
S08000026,Shetland,Male,1987,11113
S08000026,Shetland,Male,1988,11143
S08000026,Shetland,Male,1989,11150
S08000026,Shetland,Male,1990,11290
S08000026,Shetland,Male,1991,11421
S08000026,Shetland,Male,1992,11453
S08000026,Shetland,Male,1993,11529
S08000026,Shetland,Male,1994,11557
S08000026,Shetland,Male,1995,11629
S08000026,Shetland,Male,1996,11587
S08000026,Shetland,Male,1997,11533
S08000026,Shetland,Male,1998,11441
S08000026,Shetland,Male,1999,11342
S08000026,Shetland,Male,2000,11173
S08000026,Shetland,Male,2001,11055
S08000026,Shetland,Male,2002,11065
S08000026,Shetland,Male,2003,11065
S08000026,Shetland,Male,2004,11114
S08000026,Shetland,Male,2005,11175
S08000026,Shetland,Male,2006,11145
S08000026,Shetland,Male,2007,11242
S08000026,Shetland,Male,2008,11351
S08000026,Shetland,Male,2009,11512
S08000026,Shetland,Male,2010,11679
S08000026,Shetland,Male,2011,11788
S08000026,Shetland,Male,2012,11770
S08000026,Shetland,Male,2013,11771
S08000026,Shetland,Male,2014,11793
S08000026,Shetland,Male,2015,11783
S08000026,Shetland,Male,2016,11783
S08000026,Shetland,Male,2017,11731
S08000026,Shetland,Male,2018,11713
S08000026,Shetland,Male,2019,11685
S08000030,Tayside,Male,1981,188925
S08000030,Tayside,Male,1982,188639
S08000030,Tayside,Male,1983,187919
S08000030,Tayside,Male,1984,187309
S08000030,Tayside,Male,1985,187326
S08000030,Tayside,Male,1986,186680
S08000030,Tayside,Male,1987,186533
S08000030,Tayside,Male,1988,185917
S08000030,Tayside,Male,1989,185595
S08000030,Tayside,Male,1990,186647
S08000030,Tayside,Male,1991,187379
S08000030,Tayside,Male,1992,188815
S08000030,Tayside,Male,1993,189543
S08000030,Tayside,Male,1994,190067
S08000030,Tayside,Male,1995,190600
S08000030,Tayside,Male,1996,189877
S08000030,Tayside,Male,1997,189537
S08000030,Tayside,Male,1998,188997
S08000030,Tayside,Male,1999,188403
S08000030,Tayside,Male,2000,187332
S08000030,Tayside,Male,2001,186628
S08000030,Tayside,Male,2002,186361
S08000030,Tayside,Male,2003,186479
S08000030,Tayside,Male,2004,187201
S08000030,Tayside,Male,2005,188666
S08000030,Tayside,Male,2006,189829
S08000030,Tayside,Male,2007,191537
S08000030,Tayside,Male,2008,193497
S08000030,Tayside,Male,2009,194933
S08000030,Tayside,Male,2010,196560
S08000030,Tayside,Male,2011,198643
S08000030,Tayside,Male,2012,199598
S08000030,Tayside,Male,2013,199998
S08000030,Tayside,Male,2014,200873
S08000030,Tayside,Male,2015,201786
S08000030,Tayside,Male,2016,202163
S08000030,Tayside,Male,2017,202567
S08000030,Tayside,Male,2018,202686
S08000030,Tayside,Male,2019,203581
S08000028,Western Isles,Male,1981,15744
S08000028,Western Isles,Male,1982,15705
S08000028,Western Isles,Male,1983,15664
S08000028,Western Isles,Male,1984,15573
S08000028,Western Isles,Male,1985,15486
S08000028,Western Isles,Male,1986,15463
S08000028,Western Isles,Male,1987,15223
S08000028,Western Isles,Male,1988,15119
S08000028,Western Isles,Male,1989,14932
S08000028,Western Isles,Male,1990,14822
S08000028,Western Isles,Male,1991,14583
S08000028,Western Isles,Male,1992,14547
S08000028,Western Isles,Male,1993,14535
S08000028,Western Isles,Male,1994,14487
S08000028,Western Isles,Male,1995,14285
S08000028,Western Isles,Male,1996,14134
S08000028,Western Isles,Male,1997,13813
S08000028,Western Isles,Male,1998,13606
S08000028,Western Isles,Male,1999,13432
S08000028,Western Isles,Male,2000,13224
S08000028,Western Isles,Male,2001,13056
S08000028,Western Isles,Male,2002,12961
S08000028,Western Isles,Male,2003,12991
S08000028,Western Isles,Male,2004,13066
S08000028,Western Isles,Male,2005,13260
S08000028,Western Isles,Male,2006,13344
S08000028,Western Isles,Male,2007,13401
S08000028,Western Isles,Male,2008,13443
S08000028,Western Isles,Male,2009,13500
S08000028,Western Isles,Male,2010,13606
S08000028,Western Isles,Male,2011,13652
S08000028,Western Isles,Male,2012,13606
S08000028,Western Isles,Male,2013,13519
S08000028,Western Isles,Male,2014,13444
S08000028,Western Isles,Male,2015,13374
S08000028,Western Isles,Male,2016,13269
S08000028,Western Isles,Male,2017,13310
S08000028,Western Isles,Male,2018,13247
S08000028,Western Isles,Male,2019,13196
S92000003,Scotland,Female,1981,2685340
S92000003,Scotland,Female,1982,2677205
S92000003,Scotland,Female,1983,2669045
S92000003,Scotland,Female,1984,2664257
S92000003,Scotland,Female,1985,2658376
S92000003,Scotland,Female,1986,2649449
S92000003,Scotland,Female,1987,2643617
S92000003,Scotland,Female,1988,2633121
S92000003,Scotland,Female,1989,2635025
S92000003,Scotland,Female,1990,2637405
S92000003,Scotland,Female,1991,2638815
S92000003,Scotland,Female,1992,2640348
S92000003,Scotland,Female,1993,2644041
S92000003,Scotland,Female,1994,2648868
S92000003,Scotland,Female,1995,2650337
S92000003,Scotland,Female,1996,2645170
S92000003,Scotland,Female,1997,2641018
S92000003,Scotland,Female,1998,2638079
S92000003,Scotland,Female,1999,2635415
S92000003,Scotland,Female,2000,2631014
S92000003,Scotland,Female,2001,2630467
S92000003,Scotland,Female,2002,2630365
S92000003,Scotland,Female,2003,2630412
S92000003,Scotland,Female,2004,2637697
S92000003,Scotland,Female,2005,2648926
S92000003,Scotland,Female,2006,2657936
S92000003,Scotland,Female,2007,2673441
S92000003,Scotland,Female,2008,2687602
S92000003,Scotland,Female,2009,2699931
S92000003,Scotland,Female,2010,2713982
S92000003,Scotland,Female,2011,2729600
S92000003,Scotland,Female,2012,2736310
S92000003,Scotland,Female,2013,2741020
S92000003,Scotland,Female,2014,2751070
S92000003,Scotland,Female,2015,2762531
S92000003,Scotland,Female,2016,2777197
S92000003,Scotland,Female,2017,2784500
S92000003,Scotland,Female,2018,2789349
S92000003,Scotland,Female,2019,2800297
S08000015,Ayrshire and Arran,Female,1981,196774
S08000015,Ayrshire and Arran,Female,1982,196147
S08000015,Ayrshire and Arran,Female,1983,195938
S08000015,Ayrshire and Arran,Female,1984,196082
S08000015,Ayrshire and Arran,Female,1985,195906
S08000015,Ayrshire and Arran,Female,1986,195707
S08000015,Ayrshire and Arran,Female,1987,195951
S08000015,Ayrshire and Arran,Female,1988,195890
S08000015,Ayrshire and Arran,Female,1989,196127
S08000015,Ayrshire and Arran,Female,1990,196148
S08000015,Ayrshire and Arran,Female,1991,196240
S08000015,Ayrshire and Arran,Female,1992,195851
S08000015,Ayrshire and Arran,Female,1993,195814
S08000015,Ayrshire and Arran,Female,1994,195845
S08000015,Ayrshire and Arran,Female,1995,195769
S08000015,Ayrshire and Arran,Female,1996,195119
S08000015,Ayrshire and Arran,Female,1997,194994
S08000015,Ayrshire and Arran,Female,1998,194676
S08000015,Ayrshire and Arran,Female,1999,193971
S08000015,Ayrshire and Arran,Female,2000,192937
S08000015,Ayrshire and Arran,Female,2001,192743
S08000015,Ayrshire and Arran,Female,2002,192500
S08000015,Ayrshire and Arran,Female,2003,192526
S08000015,Ayrshire and Arran,Female,2004,192823
S08000015,Ayrshire and Arran,Female,2005,193003
S08000015,Ayrshire and Arran,Female,2006,193087
S08000015,Ayrshire and Arran,Female,2007,193724
S08000015,Ayrshire and Arran,Female,2008,194246
S08000015,Ayrshire and Arran,Female,2009,194288
S08000015,Ayrshire and Arran,Female,2010,194511
S08000015,Ayrshire and Arran,Female,2011,194865
S08000015,Ayrshire and Arran,Female,2012,194546
S08000015,Ayrshire and Arran,Female,2013,193999
S08000015,Ayrshire and Arran,Female,2014,193403
S08000015,Ayrshire and Arran,Female,2015,193011
S08000015,Ayrshire and Arran,Female,2016,192958
S08000015,Ayrshire and Arran,Female,2017,192800
S08000015,Ayrshire and Arran,Female,2018,192454
S08000015,Ayrshire and Arran,Female,2019,192311
S08000016,Borders,Female,1981,53045
S08000016,Borders,Female,1982,52900
S08000016,Borders,Female,1983,52820
S08000016,Borders,Female,1984,52916
S08000016,Borders,Female,1985,53082
S08000016,Borders,Female,1986,53020
S08000016,Borders,Female,1987,53091
S08000016,Borders,Female,1988,53261
S08000016,Borders,Female,1989,53501
S08000016,Borders,Female,1990,53888
S08000016,Borders,Female,1991,54047
S08000016,Borders,Female,1992,54528
S08000016,Borders,Female,1993,54773
S08000016,Borders,Female,1994,54939
S08000016,Borders,Female,1995,55130
S08000016,Borders,Female,1996,55050
S08000016,Borders,Female,1997,55074
S08000016,Borders,Female,1998,55096
S08000016,Borders,Female,1999,54884
S08000016,Borders,Female,2000,55146
S08000016,Borders,Female,2001,55483
S08000016,Borders,Female,2002,55657
S08000016,Borders,Female,2003,56096
S08000016,Borders,Female,2004,56571
S08000016,Borders,Female,2005,56944
S08000016,Borders,Female,2006,57185
S08000016,Borders,Female,2007,57845
S08000016,Borders,Female,2008,58508
S08000016,Borders,Female,2009,58679
S08000016,Borders,Female,2010,58759
S08000016,Borders,Female,2011,58685
S08000016,Borders,Female,2012,58537
S08000016,Borders,Female,2013,58569
S08000016,Borders,Female,2014,58721
S08000016,Borders,Female,2015,58757
S08000016,Borders,Female,2016,59014
S08000016,Borders,Female,2017,59231
S08000016,Borders,Female,2018,59281
S08000016,Borders,Female,2019,59387
S08000017,Dumfries and Galloway,Female,1981,75128
S08000017,Dumfries and Galloway,Female,1982,75003
S08000017,Dumfries and Galloway,Female,1983,74934
S08000017,Dumfries and Galloway,Female,1984,74965
S08000017,Dumfries and Galloway,Female,1985,75005
S08000017,Dumfries and Galloway,Female,1986,74923
S08000017,Dumfries and Galloway,Female,1987,74958
S08000017,Dumfries and Galloway,Female,1988,75105
S08000017,Dumfries and Galloway,Female,1989,75866
S08000017,Dumfries and Galloway,Female,1990,76132
S08000017,Dumfries and Galloway,Female,1991,76153
S08000017,Dumfries and Galloway,Female,1992,76384
S08000017,Dumfries and Galloway,Female,1993,76498
S08000017,Dumfries and Galloway,Female,1994,76548
S08000017,Dumfries and Galloway,Female,1995,76765
S08000017,Dumfries and Galloway,Female,1996,76752
S08000017,Dumfries and Galloway,Female,1997,76722
S08000017,Dumfries and Galloway,Female,1998,76831
S08000017,Dumfries and Galloway,Female,1999,76619
S08000017,Dumfries and Galloway,Female,2000,76330
S08000017,Dumfries and Galloway,Female,2001,76471
S08000017,Dumfries and Galloway,Female,2002,76346
S08000017,Dumfries and Galloway,Female,2003,76398
S08000017,Dumfries and Galloway,Female,2004,76819
S08000017,Dumfries and Galloway,Female,2005,77238
S08000017,Dumfries and Galloway,Female,2006,77301
S08000017,Dumfries and Galloway,Female,2007,77502
S08000017,Dumfries and Galloway,Female,2008,77843
S08000017,Dumfries and Galloway,Female,2009,77981
S08000017,Dumfries and Galloway,Female,2010,77919
S08000017,Dumfries and Galloway,Female,2011,78031
S08000017,Dumfries and Galloway,Female,2012,77628
S08000017,Dumfries and Galloway,Female,2013,77300
S08000017,Dumfries and Galloway,Female,2014,77135
S08000017,Dumfries and Galloway,Female,2015,76979
S08000017,Dumfries and Galloway,Female,2016,76987
S08000017,Dumfries and Galloway,Female,2017,76776
S08000017,Dumfries and Galloway,Female,2018,76469
S08000017,Dumfries and Galloway,Female,2019,76425
S08000029,Fife,Female,1981,176158
S08000029,Fife,Female,1982,176271
S08000029,Fife,Female,1983,176795
S08000029,Fife,Female,1984,177566
S08000029,Fife,Female,1985,177628
S08000029,Fife,Female,1986,177425
S08000029,Fife,Female,1987,177490
S08000029,Fife,Female,1988,177559
S08000029,Fife,Female,1989,178151
S08000029,Fife,Female,1990,178891
S08000029,Fife,Female,1991,179366
S08000029,Fife,Female,1992,179681
S08000029,Fife,Female,1993,180226
S08000029,Fife,Female,1994,181008
S08000029,Fife,Female,1995,181169
S08000029,Fife,Female,1996,180621
S08000029,Fife,Female,1997,180186
S08000029,Fife,Female,1998,180247
S08000029,Fife,Female,1999,180457
S08000029,Fife,Female,2000,181235
S08000029,Fife,Female,2001,182005
S08000029,Fife,Female,2002,182649
S08000029,Fife,Female,2003,182633
S08000029,Fife,Female,2004,183349
S08000029,Fife,Female,2005,184356
S08000029,Fife,Female,2006,185001
S08000029,Fife,Female,2007,185555
S08000029,Fife,Female,2008,186176
S08000029,Fife,Female,2009,186806
S08000029,Fife,Female,2010,187412
S08000029,Fife,Female,2011,188325
S08000029,Fife,Female,2012,188762
S08000029,Fife,Female,2013,188929
S08000029,Fife,Female,2014,189338
S08000029,Fife,Female,2015,190033
S08000029,Fife,Female,2016,190778
S08000029,Fife,Female,2017,191098
S08000029,Fife,Female,2018,191290
S08000029,Fife,Female,2019,192136
S08000019,Forth Valley,Female,1981,140890
S08000019,Forth Valley,Female,1982,140618
S08000019,Forth Valley,Female,1983,140378
S08000019,Forth Valley,Female,1984,140423
S08000019,Forth Valley,Female,1985,140328
S08000019,Forth Valley,Female,1986,140091
S08000019,Forth Valley,Female,1987,140404
S08000019,Forth Valley,Female,1988,140169
S08000019,Forth Valley,Female,1989,140249
S08000019,Forth Valley,Female,1990,140841
S08000019,Forth Valley,Female,1991,140760
S08000019,Forth Valley,Female,1992,140860
S08000019,Forth Valley,Female,1993,141216
S08000019,Forth Valley,Female,1994,141563
S08000019,Forth Valley,Female,1995,142013
S08000019,Forth Valley,Female,1996,142461
S08000019,Forth Valley,Female,1997,143172
S08000019,Forth Valley,Female,1998,143713
S08000019,Forth Valley,Female,1999,144394
S08000019,Forth Valley,Female,2000,144804
S08000019,Forth Valley,Female,2001,145075
S08000019,Forth Valley,Female,2002,145716
S08000019,Forth Valley,Female,2003,146240
S08000019,Forth Valley,Female,2004,147095
S08000019,Forth Valley,Female,2005,148458
S08000019,Forth Valley,Female,2006,149371
S08000019,Forth Valley,Female,2007,150419
S08000019,Forth Valley,Female,2008,151121
S08000019,Forth Valley,Female,2009,151620
S08000019,Forth Valley,Female,2010,152420
S08000019,Forth Valley,Female,2011,153340
S08000019,Forth Valley,Female,2012,153730
S08000019,Forth Valley,Female,2013,153879
S08000019,Forth Valley,Female,2014,154275
S08000019,Forth Valley,Female,2015,155337
S08000019,Forth Valley,Female,2016,156206
S08000019,Forth Valley,Female,2017,156744
S08000019,Forth Valley,Female,2018,156903
S08000019,Forth Valley,Female,2019,157013
S08000020,Grampian,Female,1981,248372
S08000020,Grampian,Female,1982,251075
S08000020,Grampian,Female,1983,252739
S08000020,Grampian,Female,1984,254492
S08000020,Grampian,Female,1985,255819
S08000020,Grampian,Female,1986,256904
S08000020,Grampian,Female,1987,256858
S08000020,Grampian,Female,1988,256096
S08000020,Grampian,Female,1989,258286
S08000020,Grampian,Female,1990,259409
S08000020,Grampian,Female,1991,261651
S08000020,Grampian,Female,1992,265267
S08000020,Grampian,Female,1993,268387
S08000020,Grampian,Female,1994,270786
S08000020,Grampian,Female,1995,271249
S08000020,Grampian,Female,1996,270964
S08000020,Grampian,Female,1997,269595
S08000020,Grampian,Female,1998,268253
S08000020,Grampian,Female,1999,268025
S08000020,Grampian,Female,2000,266818
S08000020,Grampian,Female,2001,266178
S08000020,Grampian,Female,2002,266738
S08000020,Grampian,Female,2003,267745
S08000020,Grampian,Female,2004,269321
S08000020,Grampian,Female,2005,271770
S08000020,Grampian,Female,2006,274083
S08000020,Grampian,Female,2007,277323
S08000020,Grampian,Female,2008,279542
S08000020,Grampian,Female,2009,282399
S08000020,Grampian,Female,2010,285341
S08000020,Grampian,Female,2011,287808
S08000020,Grampian,Female,2012,289772
S08000020,Grampian,Female,2013,292015
S08000020,Grampian,Female,2014,294605
S08000020,Grampian,Female,2015,296045
S08000020,Grampian,Female,2016,295955
S08000020,Grampian,Female,2017,294723
S08000020,Grampian,Female,2018,293822
S08000020,Grampian,Female,2019,294417
S08000031,Greater Glasgow and Clyde,Female,1981,676267
S08000031,Greater Glasgow and Clyde,Female,1982,669504
S08000031,Greater Glasgow and Clyde,Female,1983,662818
S08000031,Greater Glasgow and Clyde,Female,1984,657325
S08000031,Greater Glasgow and Clyde,Female,1985,652063
S08000031,Greater Glasgow and Clyde,Female,1986,647294
S08000031,Greater Glasgow and Clyde,Female,1987,641483
S08000031,Greater Glasgow and Clyde,Female,1988,634442
S08000031,Greater Glasgow and Clyde,Female,1989,630098
S08000031,Greater Glasgow and Clyde,Female,1990,626068
S08000031,Greater Glasgow and Clyde,Female,1991,623931
S08000031,Greater Glasgow and Clyde,Female,1992,619732
S08000031,Greater Glasgow and Clyde,Female,1993,616871
S08000031,Greater Glasgow and Clyde,Female,1994,614524
S08000031,Greater Glasgow and Clyde,Female,1995,610894
S08000031,Greater Glasgow and Clyde,Female,1996,606934
S08000031,Greater Glasgow and Clyde,Female,1997,602636
S08000031,Greater Glasgow and Clyde,Female,1998,600487
S08000031,Greater Glasgow and Clyde,Female,1999,597546
S08000031,Greater Glasgow and Clyde,Female,2000,593999
S08000031,Greater Glasgow and Clyde,Female,2001,592300
S08000031,Greater Glasgow and Clyde,Female,2002,589910
S08000031,Greater Glasgow and Clyde,Female,2003,586626
S08000031,Greater Glasgow and Clyde,Female,2004,583626
S08000031,Greater Glasgow and Clyde,Female,2005,582016
S08000031,Greater Glasgow and Clyde,Female,2006,580604
S08000031,Greater Glasgow and Clyde,Female,2007,581409
S08000031,Greater Glasgow and Clyde,Female,2008,582949
S08000031,Greater Glasgow and Clyde,Female,2009,584614
S08000031,Greater Glasgow and Clyde,Female,2010,586688
S08000031,Greater Glasgow and Clyde,Female,2011,589736
S08000031,Greater Glasgow and Clyde,Female,2012,590326
S08000031,Greater Glasgow and Clyde,Female,2013,590076
S08000031,Greater Glasgow and Clyde,Female,2014,592212
S08000031,Greater Glasgow and Clyde,Female,2015,595046
S08000031,Greater Glasgow and Clyde,Female,2016,600426
S08000031,Greater Glasgow and Clyde,Female,2017,603083
S08000031,Greater Glasgow and Clyde,Female,2018,605223
S08000031,Greater Glasgow and Clyde,Female,2019,608426
S08000022,Highland,Female,1981,145953
S08000022,Highland,Female,1982,145795
S08000022,Highland,Female,1983,146564
S08000022,Highland,Female,1984,147344
S08000022,Highland,Female,1985,148112
S08000022,Highland,Female,1986,148591
S08000022,Highland,Female,1987,148654
S08000022,Highland,Female,1988,149043
S08000022,Highland,Female,1989,149647
S08000022,Highland,Female,1990,150409
S08000022,Highland,Female,1991,151387
S08000022,Highland,Female,1992,151785
S08000022,Highland,Female,1993,152369
S08000022,Highland,Female,1994,153008
S08000022,Highland,Female,1995,153319
S08000022,Highland,Female,1996,153489
S08000022,Highland,Female,1997,153308
S08000022,Highland,Female,1998,153431
S08000022,Highland,Female,1999,153434
S08000022,Highland,Female,2000,152984
S08000022,Highland,Female,2001,153061
S08000022,Highland,Female,2002,153050
S08000022,Highland,Female,2003,154112
S08000022,Highland,Female,2004,156046
S08000022,Highland,Female,2005,157789
S08000022,Highland,Female,2006,158984
S08000022,Highland,Female,2007,160536
S08000022,Highland,Female,2008,161495
S08000022,Highland,Female,2009,162216
S08000022,Highland,Female,2010,163184
S08000022,Highland,Female,2011,164052
S08000022,Highland,Female,2012,163584
S08000022,Highland,Female,2013,163497
S08000022,Highland,Female,2014,163265
S08000022,Highland,Female,2015,163348
S08000022,Highland,Female,2016,163735
S08000022,Highland,Female,2017,163684
S08000022,Highland,Female,2018,163493
S08000022,Highland,Female,2019,163389
S08000032,Lanarkshire,Female,1981,335995
S08000032,Lanarkshire,Female,1982,334588
S08000032,Lanarkshire,Female,1983,333606
S08000032,Lanarkshire,Female,1984,332662
S08000032,Lanarkshire,Female,1985,330905
S08000032,Lanarkshire,Female,1986,328788
S08000032,Lanarkshire,Female,1987,328340
S08000032,Lanarkshire,Female,1988,326838
S08000032,Lanarkshire,Female,1989,327205
S08000032,Lanarkshire,Female,1990,327404
S08000032,Lanarkshire,Female,1991,326635
S08000032,Lanarkshire,Female,1992,326691
S08000032,Lanarkshire,Female,1993,326341
S08000032,Lanarkshire,Female,1994,326919
S08000032,Lanarkshire,Female,1995,326781
S08000032,Lanarkshire,Female,1996,326166
S08000032,Lanarkshire,Female,1997,326229
S08000032,Lanarkshire,Female,1998,325665
S08000032,Lanarkshire,Female,1999,325429
S08000032,Lanarkshire,Female,2000,325080
S08000032,Lanarkshire,Female,2001,325268
S08000032,Lanarkshire,Female,2002,326079
S08000032,Lanarkshire,Female,2003,326938
S08000032,Lanarkshire,Female,2004,328676
S08000032,Lanarkshire,Female,2005,330034
S08000032,Lanarkshire,Female,2006,331340
S08000032,Lanarkshire,Female,2007,333182
S08000032,Lanarkshire,Female,2008,334636
S08000032,Lanarkshire,Female,2009,335727
S08000032,Lanarkshire,Female,2010,336689
S08000032,Lanarkshire,Female,2011,337429
S08000032,Lanarkshire,Female,2012,337661
S08000032,Lanarkshire,Female,2013,337675
S08000032,Lanarkshire,Female,2014,338072
S08000032,Lanarkshire,Female,2015,338487
S08000032,Lanarkshire,Female,2016,339253
S08000032,Lanarkshire,Female,2017,339856
S08000032,Lanarkshire,Female,2018,340178
S08000032,Lanarkshire,Female,2019,341504
S08000024,Lothian,Female,1981,391241
S08000024,Lothian,Female,1982,391087
S08000024,Lothian,Female,1983,389486
S08000024,Lothian,Female,1984,388934
S08000024,Lothian,Female,1985,388520
S08000024,Lothian,Female,1986,386889
S08000024,Lothian,Female,1987,387191
S08000024,Lothian,Female,1988,386095
S08000024,Lothian,Female,1989,387622
S08000024,Lothian,Female,1990,388904
S08000024,Lothian,Female,1991,388894
S08000024,Lothian,Female,1992,388379
S08000024,Lothian,Female,1993,389655
S08000024,Lothian,Female,1994,391925
S08000024,Lothian,Female,1995,394702
S08000024,Lothian,Female,1996,395862
S08000024,Lothian,Female,1997,397907
S08000024,Lothian,Female,1998,399517
S08000024,Lothian,Female,1999,401582
S08000024,Lothian,Female,2000,404228
S08000024,Lothian,Female,2001,405699
S08000024,Lothian,Female,2002,405661
S08000024,Lothian,Female,2003,404628
S08000024,Lothian,Female,2004,405798
S08000024,Lothian,Female,2005,408055
S08000024,Lothian,Female,2006,410461
S08000024,Lothian,Female,2007,413760
S08000024,Lothian,Female,2008,417195
S08000024,Lothian,Female,2009,420347
S08000024,Lothian,Female,2010,424425
S08000024,Lothian,Female,2011,429422
S08000024,Lothian,Female,2012,433391
S08000024,Lothian,Female,2013,436772
S08000024,Lothian,Female,2014,441033
S08000024,Lothian,Female,2015,446236
S08000024,Lothian,Female,2016,452560
S08000024,Lothian,Female,2017,456938
S08000024,Lothian,Female,2018,460831
S08000024,Lothian,Female,2019,465457
S08000025,Orkney,Female,1981,9701
S08000025,Orkney,Female,1982,9705
S08000025,Orkney,Female,1983,9748
S08000025,Orkney,Female,1984,9758
S08000025,Orkney,Female,1985,9741
S08000025,Orkney,Female,1986,9723
S08000025,Orkney,Female,1987,9706
S08000025,Orkney,Female,1988,9752
S08000025,Orkney,Female,1989,9830
S08000025,Orkney,Female,1990,9890
S08000025,Orkney,Female,1991,9954
S08000025,Orkney,Female,1992,10005
S08000025,Orkney,Female,1993,9998
S08000025,Orkney,Female,1994,10024
S08000025,Orkney,Female,1995,10040
S08000025,Orkney,Female,1996,9990
S08000025,Orkney,Female,1997,10008
S08000025,Orkney,Female,1998,9917
S08000025,Orkney,Female,1999,9801
S08000025,Orkney,Female,2000,9782
S08000025,Orkney,Female,2001,9733
S08000025,Orkney,Female,2002,9786
S08000025,Orkney,Female,2003,9885
S08000025,Orkney,Female,2004,10044
S08000025,Orkney,Female,2005,10184
S08000025,Orkney,Female,2006,10327
S08000025,Orkney,Female,2007,10426
S08000025,Orkney,Female,2008,10512
S08000025,Orkney,Female,2009,10609
S08000025,Orkney,Female,2010,10749
S08000025,Orkney,Female,2011,10810
S08000025,Orkney,Female,2012,10837
S08000025,Orkney,Female,2013,10837
S08000025,Orkney,Female,2014,10851
S08000025,Orkney,Female,2015,10885
S08000025,Orkney,Female,2016,10970
S08000025,Orkney,Female,2017,11055
S08000025,Orkney,Female,2018,11151
S08000025,Orkney,Female,2019,11184
S08000026,Shetland,Female,1981,11882
S08000026,Shetland,Female,1982,11686
S08000026,Shetland,Female,1983,11552
S08000026,Shetland,Female,1984,11432
S08000026,Shetland,Female,1985,11369
S08000026,Shetland,Female,1986,11347
S08000026,Shetland,Female,1987,11287
S08000026,Shetland,Female,1988,11157
S08000026,Shetland,Female,1989,11050
S08000026,Shetland,Female,1990,11100
S08000026,Shetland,Female,1991,11109
S08000026,Shetland,Female,1992,11147
S08000026,Shetland,Female,1993,11231
S08000026,Shetland,Female,1994,11233
S08000026,Shetland,Female,1995,11341
S08000026,Shetland,Female,1996,11273
S08000026,Shetland,Female,1997,11297
S08000026,Shetland,Female,1998,11259
S08000026,Shetland,Female,1999,11168
S08000026,Shetland,Female,2000,11007
S08000026,Shetland,Female,2001,10905
S08000026,Shetland,Female,2002,10935
S08000026,Shetland,Female,2003,10885
S08000026,Shetland,Female,2004,10976
S08000026,Shetland,Female,2005,11075
S08000026,Shetland,Female,2006,11065
S08000026,Shetland,Female,2007,11108
S08000026,Shetland,Female,2008,11129
S08000026,Shetland,Female,2009,11288
S08000026,Shetland,Female,2010,11381
S08000026,Shetland,Female,2011,11452
S08000026,Shetland,Female,2012,11440
S08000026,Shetland,Female,2013,11429
S08000026,Shetland,Female,2014,11427
S08000026,Shetland,Female,2015,11417
S08000026,Shetland,Female,2016,11417
S08000026,Shetland,Female,2017,11349
S08000026,Shetland,Female,2018,11277
S08000026,Shetland,Female,2019,11235
S08000030,Tayside,Female,1981,208130
S08000030,Tayside,Female,1982,207041
S08000030,Tayside,Female,1983,205951
S08000030,Tayside,Female,1984,204751
S08000030,Tayside,Female,1985,204314
S08000030,Tayside,Female,1986,203240
S08000030,Tayside,Female,1987,202967
S08000030,Tayside,Female,1988,202573
S08000030,Tayside,Female,1989,202375
S08000030,Tayside,Female,1990,203403
S08000030,Tayside,Female,1991,203941
S08000030,Tayside,Female,1992,205345
S08000030,Tayside,Female,1993,205937
S08000030,Tayside,Female,1994,205913
S08000030,Tayside,Female,1995,206640
S08000030,Tayside,Female,1996,206023
S08000030,Tayside,Female,1997,205793
S08000030,Tayside,Female,1998,205053
S08000030,Tayside,Female,1999,204327
S08000030,Tayside,Female,2000,203098
S08000030,Tayside,Female,2001,202152
S08000030,Tayside,Female,2002,201949
S08000030,Tayside,Female,2003,202261
S08000030,Tayside,Female,2004,202969
S08000030,Tayside,Female,2005,204334
S08000030,Tayside,Female,2006,205411
S08000030,Tayside,Female,2007,206843
S08000030,Tayside,Female,2008,208413
S08000030,Tayside,Female,2009,209437
S08000030,Tayside,Female,2010,210510
S08000030,Tayside,Female,2011,211607
S08000030,Tayside,Female,2012,212142
S08000030,Tayside,Female,2013,212162
S08000030,Tayside,Female,2014,212927
S08000030,Tayside,Female,2015,213254
S08000030,Tayside,Female,2016,213307
S08000030,Tayside,Female,2017,213523
S08000030,Tayside,Female,2018,213394
S08000030,Tayside,Female,2019,213889
S08000028,Western Isles,Female,1981,15804
S08000028,Western Isles,Female,1982,15785
S08000028,Western Isles,Female,1983,15716
S08000028,Western Isles,Female,1984,15607
S08000028,Western Isles,Female,1985,15584
S08000028,Western Isles,Female,1986,15507
S08000028,Western Isles,Female,1987,15237
S08000028,Western Isles,Female,1988,15141
S08000028,Western Isles,Female,1989,15018
S08000028,Western Isles,Female,1990,14918
S08000028,Western Isles,Female,1991,14747
S08000028,Western Isles,Female,1992,14693
S08000028,Western Isles,Female,1993,14725
S08000028,Western Isles,Female,1994,14633
S08000028,Western Isles,Female,1995,14525
S08000028,Western Isles,Female,1996,14466
S08000028,Western Isles,Female,1997,14097
S08000028,Western Isles,Female,1998,13934
S08000028,Western Isles,Female,1999,13778
S08000028,Western Isles,Female,2000,13566
S08000028,Western Isles,Female,2001,13394
S08000028,Western Isles,Female,2002,13389
S08000028,Western Isles,Female,2003,13439
S08000028,Western Isles,Female,2004,13584
S08000028,Western Isles,Female,2005,13670
S08000028,Western Isles,Female,2006,13716
S08000028,Western Isles,Female,2007,13809
S08000028,Western Isles,Female,2008,13837
S08000028,Western Isles,Female,2009,13920
S08000028,Western Isles,Female,2010,13994
S08000028,Western Isles,Female,2011,14038
S08000028,Western Isles,Female,2012,13954
S08000028,Western Isles,Female,2013,13881
S08000028,Western Isles,Female,2014,13806
S08000028,Western Isles,Female,2015,13696
S08000028,Western Isles,Female,2016,13631
S08000028,Western Isles,Female,2017,13640
S08000028,Western Isles,Female,2018,13583
S08000028,Western Isles,Female,2019,13524
